{"category": {"categories": ["생활가전", "주방가전", "주방용품"], "kt": {"생활가전": 14151.0, "주방가전": 6259.0, "주방용품": 6840.0}, "ssg": {"생활가전": 6963.0, "주방가전": 1494.0, "주방용품": 1876.0}, "kt_total": 27250.0, "ssg_total": 10333.0, "kt_pct": {"생활가전": 51.930275229357804, "주방가전": 22.96880733944954, "주방용품": 25.10091743119266}, "ssg_pct": {"생활가전": 67.38604471111971, "주방가전": 14.458530920352269, "주방용품": 18.155424368528017}, "sk": {"생활가전": 14746.39, "주방가전": 9840.55, "주방용품": 9653.45}, "sk_total": 34240.39, "sk_pct": {"생활가전": 43.06723725985598, "주방가전": 28.739596716042076, "주방용품": 28.193166024101945}}, "hourGrid": {"KT알파": {"생활가전": [0.0, 4.0, 18.0, 1.0, 31.0, 0.0, 66.0, 772.0, 1214.0, 328.0, 997.0, 1041.0, 1058.0, 692.0, 758.0, 646.0, 522.0, 377.0, 260.0, 544.0, 580.0, 1826.0, 2002.0, 414.0], "주방가전": [0.0, 1.0, 9.0, 2.0, 9.0, 0.0, 65.0, 175.0, 396.0, 283.0, 56.0, 1057.0, 184.0, 307.0, 478.0, 471.0, 285.0, 651.0, 59.0, 474.0, 107.0, 946.0, 244.0, 0.0], "주방용품": [73.0, 1.0, 2.0, 1.0, 1.0, 0.0, 0.0, 330.0, 186.0, 389.0, 318.0, 275.0, 272.0, 549.0, 348.0, 479.0, 685.0, 152.0, 98.0, 442.0, 1351.0, 438.0, 397.0, 53.0], "전체": [73.0, 6.0, 29.0, 4.0, 41.0, 0.0, 131.0, 1277.0, 1796.0, 1000.0, 1371.0, 2373.0, 1514.0, 1548.0, 1584.0, 1596.0, 1492.0, 1180.0, 417.0, 1460.0, 2038.0, 3210.0, 2643.0, 467.0]}, "SSG": {"생활가전": [0.0, 10.0, 24.0, 0.0, 0.0, 25.0, 268.0, 526.0, 73.0, 110.0, 635.0, 480.0, 432.0, 368.0, 280.0, 79.0, 418.0, 496.0, 566.0, 402.0, 456.0, 655.0, 547.0, 113.0], "주방가전": [27.0, 2.0, 2.0, 0.0, 0.0, 0.0, 126.0, 64.0, 74.0, 0.0, 109.0, 0.0, 0.0, 0.0, 0.0, 0.0, 93.0, 337.0, 163.0, 285.0, 0.0, 117.0, 24.0, 71.0], "주방용품": [0.0, 0.0, 3.0, 0.0, 0.0, 0.0, 144.0, 231.0, 402.0, 0.0, 106.0, 0.0, 111.0, 0.0, 159.0, 118.0, 139.0, 87.0, 95.0, 98.0, 0.0, 0.0, 74.0, 109.0], "전체": [27.0, 12.0, 29.0, 0.0, 0.0, 25.0, 538.0, 821.0, 549.0, 110.0, 850.0, 480.0, 543.0, 368.0, 439.0, 197.0, 650.0, 920.0, 824.0, 785.0, 456.0, 772.0, 645.0, 293.0]}, "SK스토아": {"생활가전": [125.78, 3.2, 1.2000000000000002, 2.56, 3.8000000000000003, 0.0, 133.8, 709.3, 1125.4, 1512.0, 576.95, 561.2, 1113.9, 994.35, 808.7, 1145.1, 881.55, 486.6, 192.0, 1451.72, 1032.0, 1199.96, 445.08, 240.24], "주방가전": [63.68, 1.6, 3.8, 1.28, 9.08, 0.0, 65.0, 804.8, 1139.6, 704.6, 373.6, 220.65, 477.9, 766.6, 576.65, 973.85, 232.25, 1347.91, 492.3, 462.0, 117.0, 432.8, 453.6, 120.0], "주방용품": [34.84, 1.2000000000000002, 2.8000000000000003, 1.4, 4.12, 104.4, 314.4, 344.1, 332.4, 427.35, 350.5, 870.4, 487.75, 748.6, 680.95, 1107.15, 436.25, 1131.0, 286.2, 312.6, 238.2, 215.6, 309.24, 912.0], "전체": [224.3, 6.0, 7.800000000000001, 5.24, 17.0, 104.4, 513.2, 1858.2, 2597.4, 2643.95, 1301.05, 1652.25, 2079.55, 2509.55, 2066.3, 3226.1, 1550.05, 2965.51, 970.5, 2226.32, 1387.2, 1848.36, 1207.92, 1272.24]}}, "brands": {"KT알파": [{"brand": "코지마", "w": 3361.0, "cnt": 50}, {"brand": "메이페어", "w": 2221.0, "cnt": 38}, {"brand": "쿠진", "w": 2037.0, "cnt": 22}, {"brand": "테팔", "w": 1956.0, "cnt": 37}, {"brand": "로보락", "w": 1394.0, "cnt": 18}, {"brand": "아이넥스", "w": 1350.0, "cnt": 21}, {"brand": "보랄", "w": 1260.0, "cnt": 21}, {"brand": "AGK NORDIC", "w": 1237.0, "cnt": 17}, {"brand": "하티브", "w": 1087.0, "cnt": 19}, {"brand": "센스락", "w": 984.0, "cnt": 16}, {"brand": "코렐", "w": 937.0, "cnt": 10}, {"brand": "한일", "w": 827.0, "cnt": 15}], "SSG": [{"brand": "보랄", "w": 2239.0, "cnt": 55}, {"brand": "파나소닉", "w": 1730.0, "cnt": 41}, {"brand": "한일", "w": 1668.0, "cnt": 23}, {"brand": "히트락", "w": 1382.0, "cnt": 27}, {"brand": "니카사", "w": 1039.0, "cnt": 16}, {"brand": "오스템", "w": 916.0, "cnt": 23}, {"brand": "필립스", "w": 544.0, "cnt": 14}, {"brand": "아이넥스", "w": 268.0, "cnt": 6}, {"brand": "이븐라이프", "w": 152.0, "cnt": 5}, {"brand": "칼만", "w": 110.0, "cnt": 2}, {"brand": "베르그뮐레", "w": 101.0, "cnt": 2}, {"brand": "샤크", "w": 63.0, "cnt": 1}], "SK스토아": [{"brand": "코지마", "w": 6195.07, "cnt": 97}, {"brand": "AGK", "w": 3727.78, "cnt": 59}, {"brand": "히트락", "w": 3055.24, "cnt": 67}, {"brand": "마이어", "w": 2822.92, "cnt": 53}, {"brand": "쿠진", "w": 1576.6, "cnt": 17}, {"brand": "에버홈", "w": 1291.21, "cnt": 34}, {"brand": "라포레", "w": 1286.5, "cnt": 18}, {"brand": "필립스", "w": 1039.84, "cnt": 20}, {"brand": "휴롬", "w": 946.46, "cnt": 27}, {"brand": "한경희", "w": 931.6, "cnt": 18}, {"brand": "파베르", "w": 862.2, "cnt": 10}, {"brand": "로보락", "w": 840.51, "cnt": 14}]}, "channelMix": {"KT알파": {"CA": 0.0, "IP": 0.0, "일원": 27250.0}, "SSG": {"CA": 86.0, "IP": 1095.0, "일원": 9152.0}}, "dow": {"days": ["월", "화", "수", "목", "금", "토", "일"], "kt": [2334.0, 2825.0, 1835.0, 3009.0, 2750.0, 7472.0, 7025.0], "ssg": [856.0, 1479.0, 1654.0, 770.0, 624.0, 2671.0, 2279.0], "sk": [2596.88, 3818.7200000000003, 3253.31, 3740.0, 3053.88, 8712.22, 9065.38]}, "priceBand": {"labels": ["상담/무료형", "5만미만", "5-10만", "10-20만", "20-50만", "50-100만", "100만+"], "kt": [0.0, 52.0, 4782.0, 14556.0, 4363.0, 436.0, 3061.0], "ssg": [0.0, 0.0, 1719.0, 7020.0, 1392.0, 202.0, 0.0]}, "newProduct": {"kt_new_pct": 0.2422018348623853, "ssg_new_pct": 34.35594696603116, "sk_new_pct": 5.307153335578245, "note": "SK스토아는 PGM \"신상품구분\" 태그 기준(단일 방송분), KT알파/SSG는 상품명 키워드 추정치로 산출 방식이 다름"}, "meta": {"period": "2026년 1월 ~ 6월3주차", "kt_rows": 459, "ssg_rows": 231, "updated": "2026.06.25", "sk_rows": null, "companies": ["SK스토아", "KT알파", "SSG"]}}